{"1": [[51, 0.2802416690060965], [359, 0.19937072641512754], [746, 0.18900940749710096], [56, 0.17538891739853332], [12, 0.1737080915048955], [879, 0.15730580566148605], [944, 0.15596134335251505], [13, 0.14932374269256157], [878, 0.14740965367583828], [573, 0.1448387112406787], [1186, 0.13037897207205013], [486, 0.12784406484573227], [253, 0.12201382968792204], [817, 0.12128266268816124], [1361, 0.11730480063468739], [874, 0.11425711966075801], [584, 0.11121856339217608], [14, 0.10917445864309414], [663, 0.10913939143618516], [665, 0.10881759696405774]], "2": [[12, 0.4297756091796237], [51, 0.33746975258929207], [746, 0.3110728943931663], [884, 0.21925227581335935], [100, 0.21086357907596456], [1169, 0.20932113093742602], [253, 0.18987992625673739], [14, 0.16875649906470858], [862, 0.16803346880519057], [875, 0.16365370329357246], [1361, 0.15850965573520298], [47, 0.15674096551705527], [606, 0.15310954722032932], [792, 0.15210790160584353], [497, 0.150291648852833], [726, 0.14789826238568454], [1263, 0.14763507820369054], [284, 0.14513424237725814], [810, 0.14247940680980395], [579, 0.13473554510696542]], "3": [[485, 0.5834556151524484], [5, 0.456714938212191], [90, 0.38036157531513526], [144, 0.36763828847986785], [91, 0.3296114350776601], [399, 0.2920707194015833], [582, 0.2910610490068489], [181, 0.23034984955908727], [6, 0.20531312983299788], [579, 0.15144757409216208], [395, 0.13458607862421762], [542, 0.13261092121012155], [281, 0.12400545674980794], [349, 0.12377891509826745], [1370, 0.1143334326236815], [266, 0.11392012775152727], [707, 0.10885214744007803], [584, 0.10828011718588076], [1389, 0.10818447211074353], [666, 0.10422741204045861]], "4": [[166, 0.25559748593825665], [488, 0.2453632203261429], [1275, 0.2224552521494227], [1061, 0.18868536226677945], [1189, 0.1882418843293548], [410, 0.18412155158883683], [167, 0.18238124648240464], [185, 0.16168363487321566], [38, 0.15509313183228707], [1374, 0.15341060078600283], [575, 0.15092623161089902], [1085, 0.14696992333658307], [355, 0.1469622370512481], [1252, 0.13219790829243683], [1315, 0.130984803058533], [1312, 0.1256324410313816], [1010, 0.1243302430731723], [236, 0.1135581384587955], [435, 0.11245957662469565], [1242, 0.11055200634603263]], "5": [[103, 0.2636202592499043], [1032, 0.20504378440493654], [410, 0.1968919434935134], [943, 0.17841273844359423], [552, 0.16537624645208754], [401, 0.16312800107298323], [1374, 0.14658186743375198], [368, 0.13774578348501607], [367, 0.13189370430808514], [968, 0.1255948062242599], [625, 0.12419954141173654], [1061, 0.12418378435801107], [746, 0.1238957979468892], [1296, 0.11977014633548295], [1158, 0.11947987287138609], [849, 0.11665045789806314], [360, 0.11647518080952268], [19, 0.1133054795075359], [26, 0.1119535273223633], [488, 0.11078799571692421]], "6": [[491, 0.2626633774562438], [386, 0.2298053995958103], [385, 0.17506411973709163], [1273, 0.1645679944830626], [1282, 0.163027128613658], [883, 0.15498284081799582], [257, 0.1431209685589304], [99, 0.1313143598792743], [151, 0.12552919413734892], [406, 0.124537523733201], [798, 0.11423496293573168], [1363, 0.10577656250655383], [915, 0.10268336305578743], [142, 0.10092938886462825], [861, 0.10013174536695105], [294, 0.09852173931508455], [345, 0.09564776509056414], [640, 0.09339184934893467], [1190, 0.09126999421363408], [1263, 0.09024814198992999]], "7": [[492, 0.6278873534748892], [434, 0.31672558865225664], [233, 0.26960515926980955], [57, 0.2671635397410292], [1040, 0.2530880681901387], [124, 0.23163496194892794], [56, 0.22716360383939802], [1231, 0.20864442636984795], [354, 0.17690973408392463], [232, 0.17591793639290396], [122, 0.1725691714395011], [759, 0.16720121568149784], [1115, 0.16273032680742483], [373, 0.16252511003220796], [1307, 0.15772165613718808], [48, 0.15351573711695293], [248, 0.14733895428369043], [1347, 0.14563163164605], [197, 0.1382871455581007], [973, 0.13537141523546672]], "8": [[492, 0.3105460271997202], [1083, 0.24614972297169593], [569, 0.24395365829929475], [122, 0.21705827461922786], [443, 0.20706876368875907], [1231, 0.1926889353846608], [354, 0.1795454035505087], [1307, 0.1705849137226626], [69, 0.16915463541178408], [197, 0.1618701538874125], [248, 0.1614415870359519], [1115, 0.1564299920013244], [234, 0.1498188231631388], [1082, 0.14618995219729783], [48, 0.14521614621821907], [947, 0.13542503761986646], [1347, 0.13179934493782497], [688, 0.12708504032407647], [189, 0.12492186860324656], [708, 0.12304860442679967]], "9": [[21, 0.4153942507236356], [22, 0.35622797405013346], [326, 0.3545636592229323], [306, 0.3456684835031621], [1215, 0.33372802379953537], [102, 0.2801712978754429], [528, 0.2594817348984241], [571, 0.25653464185318076], [45, 0.23824975475112792], [846, 0.22521363726140656], [398, 0.2192725761399401], [763, 0.20167205268454397], [5, 0.17968055939257555], [983, 0.17100867765058977], [554, 0.16289231819662833], [145, 0.1514592049629827], [989, 0.14963902384019803], [838, 0.14745434997959556], [123, 0.146641081405535], [347, 0.1455317303723803]], "10": [[493, 0.3564306092314631], [302, 0.3117000963872006], [949, 0.26617460205300314], [524, 0.19231331511586866], [1009, 0.18911427899925792], [1199, 0.18679023300337605], [1098, 0.17243570051566043], [405, 0.16137747489728596], [616, 0.158237674355285], [436, 0.15796833026659834], [691, 0.15370186262784813], [1143, 0.14229560290781945], [1150, 0.13317515446484213], [1214, 0.13103670777283866], [1286, 0.1225122824170808], [1010, 0.11808927272726441], [649, 0.11489542473705777], [69, 0.11345168568864013], [621, 0.11216657425647963], [328, 0.10390288075965348]], "11": [[495, 0.5365138193525607], [556, 0.3227432450701857], [654, 0.24057203635828614], [1327, 0.2159796396593242], [738, 0.21473473646002278], [1356, 0.19913020859513206], [557, 0.19881874154306686], [1186, 0.1842822807979536], [472, 0.18164659108386025], [273, 0.17501570276558104], [491, 0.15735687791607084], [28, 0.1501609515144644], [72, 0.14643121933499667], [540, 0.14628400399120406], [305, 0.14522646769942166], [25, 0.1445546435209622], [27, 0.1373200518615457], [570, 0.13711663450523232], [335, 0.1335835359090691], [1310, 0.13332639263383272]], "12": [[941, 0.43313440059773267], [1221, 0.2597469180533317], [270, 0.24936407621194662], [966, 0.24070879695366923], [1223, 0.2402271827441107], [631, 0.2140249928997497], [245, 0.20537185386575374], [704, 0.20276552990336066], [1094, 0.1980760601316467], [624, 0.1944041406172711], [652, 0.19289057162863346], [112, 0.19015671323746858], [650, 0.18658377509138635], [34, 0.16622222377383872], [1164, 0.16365770405951235], [1209, 0.1614481125014439], [543, 0.16031333202347214], [491, 0.1590422165958711], [1222, 0.14495963563264627], [253, 0.1372004825350991]], "13": [[496, 0.610196820128839], [903, 0.24863936769532233], [643, 0.22830737405069967], [199, 0.1987820639961589], [313, 0.1541389265468621], [38, 0.12704240455751648], [1268, 0.12600822353097788], [660, 0.12026184382551423], [801, 0.11937864863025846], [526, 0.11633669186230834], [469, 0.11631968886675406], [468, 0.11608476466727921], [507, 0.11526351765455736], [880, 0.11362210059223152], [503, 0.10768840182834287], [440, 0.10757993833928388], [879, 0.10691742632229585], [1242, 0.09316941686814893], [520, 0.09222789445715159], [312, 0.08643560199403705]], "14": [[170, 0.44479506851472167], [256, 0.35527496912416445], [798, 0.3435474705507227], [1364, 0.3415605468627795], [345, 0.3207405997792104], [335, 0.3040587337601792], [64, 0.30159839814375355], [973, 0.26044744435523054], [291, 0.24866804226862124], [540, 0.24278988610639815], [134, 0.22018433024351736], [65, 0.21699782996416533], [569, 0.2089916213042484], [570, 0.19965307170753482], [439, 0.19821530268499601], [411, 0.19586940523819268], [969, 0.18885287853988955], [903, 0.16889730084015556], [296, 0.16572661885105602], [132, 0.1630058908009196]],